<?xml version='1.0' encoding='UTF-8'?>
<dataset>
  <CARS ID="FN-TT 999" BRAND="Audi" ACTIVE="true"/>
  <CARS ID="KA-GB 652" BRAND="VW" ACTIVE="true"/>
  <CARS ID="KA-PA 656" BRAND="Honda" ACTIVE="true"/>
  <CARS ID="M-LI 200" BRAND="BMW" ACTIVE="true"/>
  <CARS ID="RV-HS 1000" BRAND="BMW" ACTIVE="true"/>
  <CARS ID="RV-TT 777" BRAND="Audi" ACTIVE="true"/>
  <CUSTOMERS ID="00001000" NAME="Hopper" FIRSTNAME="Grace"/>
  <CUSTOMERS ID="00001001" NAME="Noether" FIRSTNAME="Emmy"/>
  <CUSTOMERS ID="00001002" NAME="Lovelace" FIRSTNAME="Ada"/>
  <CUSTOMERS ID="00001003" NAME="Turing" FIRSTNAME="Alan"/>
  <BOOKINGS CAR_ID="FN-TT 999" CUSTOMER_ID="00001000" START="2017-04-18" END="2017-05-02" STATE="2"/>
  <BOOKINGS CAR_ID="KA-PA 656" CUSTOMER_ID="00001002" START="2017-04-03" END="2017-04-06" STATE="0"/>
  <BOOKINGS CAR_ID="M-LI 200" CUSTOMER_ID="00001001" START="2017-04-16" END="2017-04-26" STATE="2"/>
  <BOOKINGS CAR_ID="RV-HS 1000" CUSTOMER_ID="00001003" START="2017-03-22" END="2017-04-28" STATE="1"/>
</dataset>
