<?xml version='1.0' encoding='UTF-8'?>
<dataset>
  <FEES ID="1" MEMBER="1" YEAR="2013"/>
  <FEES ID="2" MEMBER="1" YEAR="2014"/>
  <FEES ID="3" MEMBER="1" YEAR="2015"/>
  <FEES ID="4" MEMBER="1" YEAR="2016"/>
  <FEES ID="5" MEMBER="2" YEAR="2009"/>
  <FEES ID="6" MEMBER="2" YEAR="2010"/>
  <FEES ID="7" MEMBER="2" YEAR="2011"/>
  <FEES ID="8" MEMBER="2" YEAR="2012"/>
  <FEES ID="9" MEMBER="2" YEAR="2013"/>
  <FEES ID="10" MEMBER="2" YEAR="2014"/>
  <FEES ID="11" MEMBER="2" YEAR="2015"/>
  <FEES ID="12" MEMBER="2" YEAR="2016"/>
  <FEES ID="13" MEMBER="3" YEAR="2010"/>
  <FEES ID="14" MEMBER="3" YEAR="2011"/>
  <FEES ID="15" MEMBER="3" YEAR="2012"/>
  <FEES ID="16" MEMBER="3" YEAR="2013"/>
  <FEES ID="17" MEMBER="3" YEAR="2014"/>
  <FEES ID="18" MEMBER="3" YEAR="2015"/>
  <FEES ID="19" MEMBER="4" YEAR="2008"/>
  <FEES ID="20" MEMBER="4" YEAR="2009"/>
  <FEES ID="21" MEMBER="4" YEAR="2010"/>
  <FEES ID="22" MEMBER="4" YEAR="2011"/>
  <FEES ID="23" MEMBER="4" YEAR="2012"/>
  <FEES ID="24" MEMBER="4" YEAR="2013"/>
  <FEES ID="25" MEMBER="4" YEAR="2014"/>
  <FEES ID="26" MEMBER="5" YEAR="2007"/>
  <FEES ID="27" MEMBER="5" YEAR="2008"/>
  <FEES ID="28" MEMBER="5" YEAR="2009"/>
  <FEES ID="29" MEMBER="5" YEAR="2010"/>
  <FEES ID="30" MEMBER="5" YEAR="2011"/>
  <FEES ID="31" MEMBER="5" YEAR="2012"/>
  <FEES ID="32" MEMBER="5" YEAR="2013"/>
  <FEES ID="33" MEMBER="5" YEAR="2014"/>
  <FEES ID="34" MEMBER="5" YEAR="2015"/>
  <FEES ID="35" MEMBER="5" YEAR="2016"/>
  <MEMBERS ID="-1" LASTNAME="Ohrenkötter" FIRSTNAME="Heinz" POINTS="2450" FIRSTYEAR="2016" LASTYEAR="0" ACTIVE="true"/>
  <MEMBERS ID="2" LASTNAME="Schmidt" FIRSTNAME="Alexander" POINTS="1253" FIRSTYEAR="2009" LASTYEAR="0" ACTIVE="true"/>
  <MEMBERS ID="3" LASTNAME="Andriessens" FIRSTNAME="Christoph" POINTS="1050" FIRSTYEAR="2010" LASTYEAR="0" ACTIVE="true"/>
  <MEMBERS ID="4" LASTNAME="Dr&#246;gel" FIRSTNAME="Karl" POINTS="1050" FIRSTYEAR="2008" LASTYEAR="2015" ACTIVE="false"/>
  <MEMBERS ID="5" LASTNAME="M&#252;ller-L&#252;denscheid" FIRSTNAME="Karl" POINTS="990" FIRSTYEAR="2007" LASTYEAR="0" ACTIVE="false"/>
  <MEMBERS ID="6" LASTNAME="Ohrenk&#246;tter" FIRSTNAME="Heinz" POINTS="2450" FIRSTYEAR="2016" LASTYEAR="0" ACTIVE="true"/>
</dataset>
